[{"model": "contenttypes.contenttype", "pk": 1, "fields": {"app_label": "admin", "model": "logentry"}}, {"model": "contenttypes.contenttype", "pk": 2, "fields": {"app_label": "auth", "model": "permission"}}, {"model": "contenttypes.contenttype", "pk": 3, "fields": {"app_label": "auth", "model": "group"}}, {"model": "contenttypes.contenttype", "pk": 4, "fields": {"app_label": "contenttypes", "model": "contenttype"}}, {"model": "contenttypes.contenttype", "pk": 5, "fields": {"app_label": "sessions", "model": "session"}}, {"model": "contenttypes.contenttype", "pk": 6, "fields": {"app_label": "AuthUser", "model": "user"}}, {"model": "contenttypes.contenttype", "pk": 7, "fields": {"app_label": "Classroom", "model": "classroom"}}, {"model": "contenttypes.contenttype", "pk": 8, "fields": {"app_label": "Comment", "model": "comment"}}, {"model": "contenttypes.contenttype", "pk": 9, "fields": {"app_label": "Announcement", "model": "announcement"}}, {"model": "contenttypes.contenttype", "pk": 10, "fields": {"app_label": "Assignment", "model": "assignment"}}, {"model": "contenttypes.contenttype", "pk": 11, "fields": {"app_label": "Assignment", "model": "submission"}}, {"model": "contenttypes.contenttype", "pk": 12, "fields": {"app_label": "Polls", "model": "poll"}}, {"model": "contenttypes.contenttype", "pk": 13, "fields": {"app_label": "Polls", "model": "polloption"}}, {"model": "contenttypes.contenttype", "pk": 14, "fields": {"app_label": "Resources", "model": "resource"}}, {"model": "contenttypes.contenttype", "pk": 15, "fields": {"app_label": "PollResponse", "model": "pollresponse"}}, {"model": "contenttypes.contenttype", "pk": 16, "fields": {"app_label": "Notifications", "model": "notification"}}, {"model": "sessions.session", "pk": "axtmhlun48a5lpi42gxdlqobkhstdokf", "fields": {"session_data": "NWI3YTVhZTk3YjZlYTc0OWY1YmQwMWVlZGU5NDAxMDE5YTRhYTFiMDp7Il9hdXRoX3VzZXJfaWQiOiIxIiwiX2F1dGhfdXNlcl9iYWNrZW5kIjoiZGphbmdvLmNvbnRyaWIuYXV0aC5iYWNrZW5kcy5Nb2RlbEJhY2tlbmQiLCJfYXV0aF91c2VyX2hhc2giOiIzMDhjN2Q2MDg1MDYyN2RhYWUxMGU5Y2IyYmI5MjNlZTQzOTIwZTZmIn0=", "expire_date": "2018-11-23T05:33:55.680Z"}}, {"model": "sessions.session", "pk": "cnhstrar2aoljqcq2nkxtjaziw8nia7v", "fields": {"session_data": "NWI3YTVhZTk3YjZlYTc0OWY1YmQwMWVlZGU5NDAxMDE5YTRhYTFiMDp7Il9hdXRoX3VzZXJfaWQiOiIxIiwiX2F1dGhfdXNlcl9iYWNrZW5kIjoiZGphbmdvLmNvbnRyaWIuYXV0aC5iYWNrZW5kcy5Nb2RlbEJhY2tlbmQiLCJfYXV0aF91c2VyX2hhc2giOiIzMDhjN2Q2MDg1MDYyN2RhYWUxMGU5Y2IyYmI5MjNlZTQzOTIwZTZmIn0=", "expire_date": "2018-11-04T19:42:38.608Z"}}, {"model": "sessions.session", "pk": "d1lctyb31kj2k2t0k0ykt53xyonoo7u3", "fields": {"session_data": "NWI3YTVhZTk3YjZlYTc0OWY1YmQwMWVlZGU5NDAxMDE5YTRhYTFiMDp7Il9hdXRoX3VzZXJfaWQiOiIxIiwiX2F1dGhfdXNlcl9iYWNrZW5kIjoiZGphbmdvLmNvbnRyaWIuYXV0aC5iYWNrZW5kcy5Nb2RlbEJhY2tlbmQiLCJfYXV0aF91c2VyX2hhc2giOiIzMDhjN2Q2MDg1MDYyN2RhYWUxMGU5Y2IyYmI5MjNlZTQzOTIwZTZmIn0=", "expire_date": "2018-10-30T04:55:17.263Z"}}, {"model": "sessions.session", "pk": "m1eqvunn2mmpozeagmlkrgo161jk8k41", "fields": {"session_data": "NWI3YTVhZTk3YjZlYTc0OWY1YmQwMWVlZGU5NDAxMDE5YTRhYTFiMDp7Il9hdXRoX3VzZXJfaWQiOiIxIiwiX2F1dGhfdXNlcl9iYWNrZW5kIjoiZGphbmdvLmNvbnRyaWIuYXV0aC5iYWNrZW5kcy5Nb2RlbEJhY2tlbmQiLCJfYXV0aF91c2VyX2hhc2giOiIzMDhjN2Q2MDg1MDYyN2RhYWUxMGU5Y2IyYmI5MjNlZTQzOTIwZTZmIn0=", "expire_date": "2018-11-04T15:54:56.863Z"}}, {"model": "sessions.session", "pk": "pzonkazozsg2y5t5axwgoc3ln9wx", "fields": {"session_data": "NWI3YTVhZTk3YjZlYTc0OWY1YmQwMWVlZGU5NDAxMDE5YTRhYTFiMDp7Il9hdXRoX3VzZXJfaWQiOiIxIiwiX2F1dGhfdXNlcl9iYWNrZW5kIjoiZGphbmdvLmNvbnRyaWIuYXV0aC5iYWNrZW5kcy5Nb2RlbEJhY2tlbmQiLCJfYXV0aF91c2VyX2hhc2giOiIzMDhjN2Q2MDg1MDYyN2RhYWUxMGU5Y2IyYmI5MjNlZTQzOTIwZTZmIn0=", "expire_date": "2018-11-04T15:33:26.218Z"}}, {"model": "sessions.session", "pk": "t2tig7bsv8hj1htnyg7glk6yz3cyiqn7", "fields": {"session_data": "NWI3YTVhZTk3YjZlYTc0OWY1YmQwMWVlZGU5NDAxMDE5YTRhYTFiMDp7Il9hdXRoX3VzZXJfaWQiOiIxIiwiX2F1dGhfdXNlcl9iYWNrZW5kIjoiZGphbmdvLmNvbnRyaWIuYXV0aC5iYWNrZW5kcy5Nb2RlbEJhY2tlbmQiLCJfYXV0aF91c2VyX2hhc2giOiIzMDhjN2Q2MDg1MDYyN2RhYWUxMGU5Y2IyYmI5MjNlZTQzOTIwZTZmIn0=", "expire_date": "2018-11-08T11:30:12.641Z"}}, {"model": "sessions.session", "pk": "umystq50g25i59kjvx8vhtf2no5y92p0", "fields": {"session_data": "NWI3YTVhZTk3YjZlYTc0OWY1YmQwMWVlZGU5NDAxMDE5YTRhYTFiMDp7Il9hdXRoX3VzZXJfaWQiOiIxIiwiX2F1dGhfdXNlcl9iYWNrZW5kIjoiZGphbmdvLmNvbnRyaWIuYXV0aC5iYWNrZW5kcy5Nb2RlbEJhY2tlbmQiLCJfYXV0aF91c2VyX2hhc2giOiIzMDhjN2Q2MDg1MDYyN2RhYWUxMGU5Y2IyYmI5MjNlZTQzOTIwZTZmIn0=", "expire_date": "2018-11-06T17:32:52.978Z"}}, {"model": "sessions.session", "pk": "uofcrna339uwzv38uvunldwh1bud75d4", "fields": {"session_data": "NWI3YTVhZTk3YjZlYTc0OWY1YmQwMWVlZGU5NDAxMDE5YTRhYTFiMDp7Il9hdXRoX3VzZXJfaWQiOiIxIiwiX2F1dGhfdXNlcl9iYWNrZW5kIjoiZGphbmdvLmNvbnRyaWIuYXV0aC5iYWNrZW5kcy5Nb2RlbEJhY2tlbmQiLCJfYXV0aF91c2VyX2hhc2giOiIzMDhjN2Q2MDg1MDYyN2RhYWUxMGU5Y2IyYmI5MjNlZTQzOTIwZTZmIn0=", "expire_date": "2018-11-07T03:33:29.412Z"}}, {"model": "sessions.session", "pk": "xt1tqh5ew1j32whjgimm8rev6qp9ug0o", "fields": {"session_data": "NWI3YTVhZTk3YjZlYTc0OWY1YmQwMWVlZGU5NDAxMDE5YTRhYTFiMDp7Il9hdXRoX3VzZXJfaWQiOiIxIiwiX2F1dGhfdXNlcl9iYWNrZW5kIjoiZGphbmdvLmNvbnRyaWIuYXV0aC5iYWNrZW5kcy5Nb2RlbEJhY2tlbmQiLCJfYXV0aF91c2VyX2hhc2giOiIzMDhjN2Q2MDg1MDYyN2RhYWUxMGU5Y2IyYmI5MjNlZTQzOTIwZTZmIn0=", "expire_date": "2018-11-23T17:26:47.600Z"}}, {"model": "sessions.session", "pk": "ydy6mpg9rrf7g798y6lymi08ipmh2ley", "fields": {"session_data": "NWI3YTVhZTk3YjZlYTc0OWY1YmQwMWVlZGU5NDAxMDE5YTRhYTFiMDp7Il9hdXRoX3VzZXJfaWQiOiIxIiwiX2F1dGhfdXNlcl9iYWNrZW5kIjoiZGphbmdvLmNvbnRyaWIuYXV0aC5iYWNrZW5kcy5Nb2RlbEJhY2tlbmQiLCJfYXV0aF91c2VyX2hhc2giOiIzMDhjN2Q2MDg1MDYyN2RhYWUxMGU5Y2IyYmI5MjNlZTQzOTIwZTZmIn0=", "expire_date": "2018-11-04T16:15:47.333Z"}}, {"model": "Polls.polloption", "pk": 8, "fields": {"parrent_poll": 9, "option_text": "YES", "created_at": "2018-10-21T17:25:52.847Z"}}, {"model": "Polls.polloption", "pk": 9, "fields": {"parrent_poll": 9, "option_text": "NO", "created_at": "2018-10-21T17:25:53.088Z"}}, {"model": "Polls.polloption", "pk": 10, "fields": {"parrent_poll": 10, "option_text": "Swift", "created_at": "2018-10-25T20:12:46.944Z"}}, {"model": "Polls.polloption", "pk": 11, "fields": {"parrent_poll": 10, "option_text": "Verna", "created_at": "2018-10-25T20:12:47.309Z"}}, {"model": "Polls.polloption", "pk": 12, "fields": {"parrent_poll": 10, "option_text": "Safari", "created_at": "2018-10-25T20:12:47.849Z"}}, {"model": "Polls.polloption", "pk": 13, "fields": {"parrent_poll": 10, "option_text": "XUV 500", "created_at": "2018-10-25T20:12:47.986Z"}}, {"model": "auth.permission", "pk": 1, "fields": {"name": "Can add log entry", "content_type": 1, "codename": "add_logentry"}}, {"model": "auth.permission", "pk": 2, "fields": {"name": "Can change log entry", "content_type": 1, "codename": "change_logentry"}}, {"model": "auth.permission", "pk": 3, "fields": {"name": "Can delete log entry", "content_type": 1, "codename": "delete_logentry"}}, {"model": "auth.permission", "pk": 4, "fields": {"name": "Can view log entry", "content_type": 1, "codename": "view_logentry"}}, {"model": "auth.permission", "pk": 5, "fields": {"name": "Can add permission", "content_type": 2, "codename": "add_permission"}}, {"model": "auth.permission", "pk": 6, "fields": {"name": "Can change permission", "content_type": 2, "codename": "change_permission"}}, {"model": "auth.permission", "pk": 7, "fields": {"name": "Can delete permission", "content_type": 2, "codename": "delete_permission"}}, {"model": "auth.permission", "pk": 8, "fields": {"name": "Can view permission", "content_type": 2, "codename": "view_permission"}}, {"model": "auth.permission", "pk": 9, "fields": {"name": "Can add group", "content_type": 3, "codename": "add_group"}}, {"model": "auth.permission", "pk": 10, "fields": {"name": "Can change group", "content_type": 3, "codename": "change_group"}}, {"model": "auth.permission", "pk": 11, "fields": {"name": "Can delete group", "content_type": 3, "codename": "delete_group"}}, {"model": "auth.permission", "pk": 12, "fields": {"name": "Can view group", "content_type": 3, "codename": "view_group"}}, {"model": "auth.permission", "pk": 13, "fields": {"name": "Can add content type", "content_type": 4, "codename": "add_contenttype"}}, {"model": "auth.permission", "pk": 14, "fields": {"name": "Can change content type", "content_type": 4, "codename": "change_contenttype"}}, {"model": "auth.permission", "pk": 15, "fields": {"name": "Can delete content type", "content_type": 4, "codename": "delete_contenttype"}}, {"model": "auth.permission", "pk": 16, "fields": {"name": "Can view content type", "content_type": 4, "codename": "view_contenttype"}}, {"model": "auth.permission", "pk": 17, "fields": {"name": "Can add session", "content_type": 5, "codename": "add_session"}}, {"model": "auth.permission", "pk": 18, "fields": {"name": "Can change session", "content_type": 5, "codename": "change_session"}}, {"model": "auth.permission", "pk": 19, "fields": {"name": "Can delete session", "content_type": 5, "codename": "delete_session"}}, {"model": "auth.permission", "pk": 20, "fields": {"name": "Can view session", "content_type": 5, "codename": "view_session"}}, {"model": "auth.permission", "pk": 21, "fields": {"name": "Can add user", "content_type": 6, "codename": "add_user"}}, {"model": "auth.permission", "pk": 22, "fields": {"name": "Can change user", "content_type": 6, "codename": "change_user"}}, {"model": "auth.permission", "pk": 23, "fields": {"name": "Can delete user", "content_type": 6, "codename": "delete_user"}}, {"model": "auth.permission", "pk": 24, "fields": {"name": "Can view user", "content_type": 6, "codename": "view_user"}}, {"model": "auth.permission", "pk": 25, "fields": {"name": "Can add classroom", "content_type": 7, "codename": "add_classroom"}}, {"model": "auth.permission", "pk": 26, "fields": {"name": "Can change classroom", "content_type": 7, "codename": "change_classroom"}}, {"model": "auth.permission", "pk": 27, "fields": {"name": "Can delete classroom", "content_type": 7, "codename": "delete_classroom"}}, {"model": "auth.permission", "pk": 28, "fields": {"name": "Can view classroom", "content_type": 7, "codename": "view_classroom"}}, {"model": "auth.permission", "pk": 29, "fields": {"name": "Can add comment", "content_type": 8, "codename": "add_comment"}}, {"model": "auth.permission", "pk": 30, "fields": {"name": "Can change comment", "content_type": 8, "codename": "change_comment"}}, {"model": "auth.permission", "pk": 31, "fields": {"name": "Can delete comment", "content_type": 8, "codename": "delete_comment"}}, {"model": "auth.permission", "pk": 32, "fields": {"name": "Can view comment", "content_type": 8, "codename": "view_comment"}}, {"model": "auth.permission", "pk": 33, "fields": {"name": "Can add announcement", "content_type": 9, "codename": "add_announcement"}}, {"model": "auth.permission", "pk": 34, "fields": {"name": "Can change announcement", "content_type": 9, "codename": "change_announcement"}}, {"model": "auth.permission", "pk": 35, "fields": {"name": "Can delete announcement", "content_type": 9, "codename": "delete_announcement"}}, {"model": "auth.permission", "pk": 36, "fields": {"name": "Can view announcement", "content_type": 9, "codename": "view_announcement"}}, {"model": "auth.permission", "pk": 37, "fields": {"name": "Can add assignment", "content_type": 10, "codename": "add_assignment"}}, {"model": "auth.permission", "pk": 38, "fields": {"name": "Can change assignment", "content_type": 10, "codename": "change_assignment"}}, {"model": "auth.permission", "pk": 39, "fields": {"name": "Can delete assignment", "content_type": 10, "codename": "delete_assignment"}}, {"model": "auth.permission", "pk": 40, "fields": {"name": "Can view assignment", "content_type": 10, "codename": "view_assignment"}}, {"model": "auth.permission", "pk": 41, "fields": {"name": "Can add submission", "content_type": 11, "codename": "add_submission"}}, {"model": "auth.permission", "pk": 42, "fields": {"name": "Can change submission", "content_type": 11, "codename": "change_submission"}}, {"model": "auth.permission", "pk": 43, "fields": {"name": "Can delete submission", "content_type": 11, "codename": "delete_submission"}}, {"model": "auth.permission", "pk": 44, "fields": {"name": "Can view submission", "content_type": 11, "codename": "view_submission"}}, {"model": "auth.permission", "pk": 45, "fields": {"name": "Can add poll", "content_type": 12, "codename": "add_poll"}}, {"model": "auth.permission", "pk": 46, "fields": {"name": "Can change poll", "content_type": 12, "codename": "change_poll"}}, {"model": "auth.permission", "pk": 47, "fields": {"name": "Can delete poll", "content_type": 12, "codename": "delete_poll"}}, {"model": "auth.permission", "pk": 48, "fields": {"name": "Can view poll", "content_type": 12, "codename": "view_poll"}}, {"model": "auth.permission", "pk": 49, "fields": {"name": "Can add poll option", "content_type": 13, "codename": "add_polloption"}}, {"model": "auth.permission", "pk": 50, "fields": {"name": "Can change poll option", "content_type": 13, "codename": "change_polloption"}}, {"model": "auth.permission", "pk": 51, "fields": {"name": "Can delete poll option", "content_type": 13, "codename": "delete_polloption"}}, {"model": "auth.permission", "pk": 52, "fields": {"name": "Can view poll option", "content_type": 13, "codename": "view_polloption"}}, {"model": "auth.permission", "pk": 53, "fields": {"name": "Can add resource", "content_type": 14, "codename": "add_resource"}}, {"model": "auth.permission", "pk": 54, "fields": {"name": "Can change resource", "content_type": 14, "codename": "change_resource"}}, {"model": "auth.permission", "pk": 55, "fields": {"name": "Can delete resource", "content_type": 14, "codename": "delete_resource"}}, {"model": "auth.permission", "pk": 56, "fields": {"name": "Can view resource", "content_type": 14, "codename": "view_resource"}}, {"model": "auth.permission", "pk": 57, "fields": {"name": "Can add poll response", "content_type": 15, "codename": "add_pollresponse"}}, {"model": "auth.permission", "pk": 58, "fields": {"name": "Can change poll response", "content_type": 15, "codename": "change_pollresponse"}}, {"model": "auth.permission", "pk": 59, "fields": {"name": "Can delete poll response", "content_type": 15, "codename": "delete_pollresponse"}}, {"model": "auth.permission", "pk": 60, "fields": {"name": "Can view poll response", "content_type": 15, "codename": "view_pollresponse"}}, {"model": "auth.permission", "pk": 61, "fields": {"name": "Can add notification", "content_type": 16, "codename": "add_notification"}}, {"model": "auth.permission", "pk": 62, "fields": {"name": "Can change notification", "content_type": 16, "codename": "change_notification"}}, {"model": "auth.permission", "pk": 63, "fields": {"name": "Can delete notification", "content_type": 16, "codename": "delete_notification"}}, {"model": "auth.permission", "pk": 64, "fields": {"name": "Can view notification", "content_type": 16, "codename": "view_notification"}}, {"model": "AuthUser.user", "pk": 1, "fields": {"password": "pbkdf2_sha256$120000$7aOtKk4UCBpf$Wb6HjNOUygc+LctOs7SL4i34/S3uDIgNT2ZjbUmCAY4=", "last_login": "2018-11-09T17:26:47.587Z", "is_superuser": true, "username": "itsadmin", "first_name": "", "last_name": "", "email": "its@iiits.in", "is_staff": true, "is_active": true, "date_joined": "2018-10-16T04:55:06.541Z", "mobile_no": "", "is_faculty": false, "avatar": "default_avatar.png", "groups": [], "user_permissions": []}}, {"model": "AuthUser.user", "pk": 8, "fields": {"password": "pbkdf2_sha256$120000$aejzDdYjZ6Ej$ClwVopMK8INVm9aKm2WfNaRpuZFIn9axY2p34eN/ikw=", "last_login": null, "is_superuser": false, "username": "anubhav", "first_name": "anubhav", "last_name": "ujjawal", "email": "anubhav.u16@iiits.in", "is_staff": false, "is_active": true, "date_joined": "2018-10-16T05:55:09.637Z", "mobile_no": "7014156060", "is_faculty": false, "avatar": "default_avatar.png", "groups": [], "user_permissions": []}}, {"model": "AuthUser.user", "pk": 9, "fields": {"password": "pbkdf2_sha256$120000$AvFCqPltSdlz$gWpYw2Fdun6vITJSRZ6Lz8XRX1tiUdo3lIq0yf8mYpg=", "last_login": null, "is_superuser": false, "username": "sanyem", "first_name": "anurag", "last_name": "gupta", "email": "anurag.g16@iiits.in", "is_staff": false, "is_active": true, "date_joined": "2018-10-16T05:58:42.871Z", "mobile_no": "7014156060", "is_faculty": false, "avatar": "default_avatar.png", "groups": [], "user_permissions": []}}, {"model": "AuthUser.user", "pk": 10, "fields": {"password": "pbkdf2_sha256$120000$k0UxRGz1nk3X$9+3kp3Whxo3edP8BMRaSk/+hwefZCSLSe/858q1xwfU=", "last_login": null, "is_superuser": false, "username": "bhavi", "first_name": "anurag", "last_name": "gupta", "email": "anurag.g16@iiits.in", "is_staff": false, "is_active": true, "date_joined": "2018-10-16T05:58:53.274Z", "mobile_no": "7014156060", "is_faculty": false, "avatar": "default_avatar.png", "groups": [], "user_permissions": []}}, {"model": "AuthUser.user", "pk": 11, "fields": {"password": "pbkdf2_sha256$120000$Rma4hpji8e6F$MgY6vfISr8gpYHZ1039O2PWD/yXHK6Z0F1TBZ1bQLLg=", "last_login": null, "is_superuser": false, "username": "uday", "first_name": "anurag", "last_name": "gupta", "email": "anurag.g16@iiits.in", "is_staff": false, "is_active": true, "date_joined": "2018-10-16T05:58:59.453Z", "mobile_no": "7014156060", "is_faculty": false, "avatar": "default_avatar.png", "groups": [], "user_permissions": []}}, {"model": "AuthUser.user", "pk": 12, "fields": {"password": "pbkdf2_sha256$120000$CXKB1IWt8ikU$nIaxx13GDRsoJrE+KvSXobVdTeZ60i5zBeS+RhvZphU=", "last_login": null, "is_superuser": false, "username": "Vishvanath", "first_name": "bhavi", "last_name": "gupta", "email": "bhavi.g16@iiits.in", "is_staff": false, "is_active": true, "date_joined": "2018-10-16T06:17:32.943Z", "mobile_no": "7014156060", "is_faculty": true, "avatar": "default_avatar.png", "groups": [], "user_permissions": []}}, {"model": "AuthUser.user", "pk": 13, "fields": {"password": "pbkdf2_sha256$120000$s5dimQXVa3rN$dZvjMITxCSMG6MXVTfQfAGMeI+BryS2Rm1Ks07bj/T0=", "last_login": null, "is_superuser": false, "username": "UMA", "first_name": "bhavi", "last_name": "gupta", "email": "bhavi.g16@iiits.in", "is_staff": false, "is_active": true, "date_joined": "2018-10-16T06:17:38.170Z", "mobile_no": "7014156060", "is_faculty": true, "avatar": "default_avatar.png", "groups": [], "user_permissions": []}}, {"model": "AuthUser.user", "pk": 15, "fields": {"password": "pbkdf2_sha256$120000$Vl6HZ3kiQN2s$8sLg73Szi/seUG1gL4MnHzyOVVdHj/kDtiWId7oQzv0=", "last_login": null, "is_superuser": false, "username": "anurag", "first_name": "bhavi", "last_name": "gupta", "email": "bhavi.g16@iiits.in", "is_staff": false, "is_active": true, "date_joined": "2018-10-16T06:19:01Z", "mobile_no": "7014156060", "is_faculty": false, "avatar": "default_avatar.png", "groups": [], "user_permissions": []}}, {"model": "AuthUser.user", "pk": 16, "fields": {"password": "pbkdf2_sha256$120000$q7AYAdAzn0je$KQG8iSHqHXFOZXu8WiW3BI19Oj5IwncPYBCWErOdp/M=", "last_login": null, "is_superuser": false, "username": "garvit", "first_name": "bhavi", "last_name": "gupta", "email": "bhavi.g16@iiits.in", "is_staff": false, "is_active": true, "date_joined": "2018-10-16T06:19:10.878Z", "mobile_no": "7014156060", "is_faculty": false, "avatar": "default_avatar.png", "groups": [], "user_permissions": []}}, {"model": "AuthUser.user", "pk": 17, "fields": {"password": "pbkdf2_sha256$120000$Bfa0hLDzfvvm$tJZJQXA9kc46rSMM+uXJVOs3JKzd8kZT/EROXrNFqks=", "last_login": null, "is_superuser": false, "username": "sahaj", "first_name": "bhavi", "last_name": "gupta", "email": "bhavi.g16@iiits.in", "is_staff": false, "is_active": true, "date_joined": "2018-10-16T06:19:15.490Z", "mobile_no": "7014156060", "is_faculty": false, "avatar": "default_avatar.png", "groups": [], "user_permissions": []}}, {"model": "AuthUser.user", "pk": 18, "fields": {"password": "pbkdf2_sha256$120000$51XgttoSpp0d$scoRotxnKil1tobV/TwSDomFxrskbafCyFTor72XMfQ=", "last_login": null, "is_superuser": false, "username": "20160010011", "first_name": "Bhavi", "last_name": "Chawla", "email": "bhavi.c16@iiits.in", "is_staff": false, "is_active": true, "date_joined": "2018-11-09T16:47:15.565Z", "mobile_no": "9910084772", "is_faculty": false, "avatar": "default_avatar.png", "groups": [], "user_permissions": []}}, {"model": "AuthUser.user", "pk": 19, "fields": {"password": "pbkdf2_sha256$120000$FTRgxmwoWFVR$QBLtHxFLwqiSb3gJ3ggZXMJLDxG1ZjUPgDfTpmZCtpo=", "last_login": null, "is_superuser": false, "username": "20160010005", "first_name": "Anubhav", "last_name": "Ujjawal", "email": "anubhav.u16@iiits.in", "is_staff": false, "is_active": true, "date_joined": "2018-11-09T16:52:13.930Z", "mobile_no": "7550130647", "is_faculty": false, "avatar": "default_avatar.png", "groups": [], "user_permissions": []}}, {"model": "AuthUser.user", "pk": 20, "fields": {"password": "pbkdf2_sha256$120000$IsDv7Pfx4BFe$Y1s7T7wxjZjYrF0fu1VoOVS3mmd/Q9GaIEwMI3T7yNo=", "last_login": null, "is_superuser": false, "username": "20160010017", "first_name": "Chandrajeet", "last_name": "Choudhary", "email": "chandrajeet.c16@iiits.in", "is_staff": false, "is_active": true, "date_joined": "2018-11-09T17:30:32.619Z", "mobile_no": "7073325643", "is_faculty": false, "avatar": "default_avatar.png", "groups": [], "user_permissions": []}}, {"model": "AuthUser.user", "pk": 21, "fields": {"password": "pbkdf2_sha256$120000$EtCqjhURzcgo$IvyHopW0klN/ope5OWtW4zJ6lyGnR73ohcqgsxe7imE=", "last_login": null, "is_superuser": false, "username": "20160010095", "first_name": "Syed", "last_name": "Peeran", "email": "syedjahangir.p16@iiits.in", "is_staff": false, "is_active": true, "date_joined": "2018-11-10T09:31:49.873Z", "mobile_no": "9618921424", "is_faculty": false, "avatar": "default_avatar.png", "groups": [], "user_permissions": []}}, {"model": "Classroom.classroom", "pk": 3, "fields": {"name": "DBMS", "code": "1ee9853", "description": "It is a great course to learn DBMS concepts.", "creator": 13, "image": "default_classroom_image.png", "created_at": "2018-10-16T06:20:01.468Z", "is_active": true, "moderators": [8, 9, 10, 13], "students": [8, 11, 13, 15, 16, 17, 19]}}, {"model": "Classroom.classroom", "pk": 4, "fields": {"name": "AI", "code": "0f3c2f4", "description": "It is a great course to learn AI concepts.", "creator": 12, "image": "default_classroom_image.png", "created_at": "2018-10-16T06:20:29.471Z", "is_active": true, "moderators": [8, 15], "students": [9, 10, 11, 16, 17]}}, {"model": "Classroom.classroom", "pk": 5, "fields": {"name": "ASE-II", "code": "ASE-IIa043c", "description": "", "creator": 13, "image": "default_classroom_image.png", "created_at": "2018-10-21T15:18:35.599Z", "is_active": true, "moderators": [], "students": []}}, {"model": "Classroom.classroom", "pk": 6, "fields": {"name": "ASE-I", "code": "ASE-I0b5be", "description": "ASE classroom for monsoon 2018.", "creator": 13, "image": "default_classroom_image.png", "created_at": "2018-10-21T15:21:52.417Z", "is_active": true, "moderators": [], "students": [15]}}, {"model": "Comment.comment", "pk": 1, "fields": {"parent": null, "commenter": 8, "comment_text": "Thank You Ma'am", "created_at": "2018-10-16T06:42:11.459Z", "upvoters": [9, 10, 15], "downvoters": [16, 17]}}, {"model": "Comment.comment", "pk": 2, "fields": {"parent": 1, "commenter": 9, "comment_text": "OK", "created_at": "2018-10-16T06:42:40.436Z", "upvoters": [10, 11, 13, 15], "downvoters": [16, 17]}}, {"model": "Comment.comment", "pk": 3, "fields": {"parent": null, "commenter": 10, "comment_text": "testing", "created_at": "2018-10-16T06:43:44.593Z", "upvoters": [8], "downvoters": [9, 13, 15]}}, {"model": "Comment.comment", "pk": 4, "fields": {"parent": null, "commenter": 9, "comment_text": "hello", "created_at": "2018-10-21T17:49:44.258Z", "upvoters": [], "downvoters": [13, 15]}}, {"model": "Comment.comment", "pk": 5, "fields": {"parent": null, "commenter": 9, "comment_text": "hello hi", "created_at": "2018-10-21T17:50:34.939Z", "upvoters": [15], "downvoters": [13]}}, {"model": "Comment.comment", "pk": 6, "fields": {"parent": null, "commenter": 15, "comment_text": "test text :-)", "created_at": "2018-10-23T16:45:44.602Z", "upvoters": [15], "downvoters": [13]}}, {"model": "Comment.comment", "pk": 7, "fields": {"parent": null, "commenter": 15, "comment_text": "test comment", "created_at": "2018-10-24T20:24:08.455Z", "upvoters": [15], "downvoters": []}}, {"model": "Comment.comment", "pk": 8, "fields": {"parent": null, "commenter": 15, "comment_text": "hey hey :-(", "created_at": "2018-10-24T20:26:35.995Z", "upvoters": [], "downvoters": [15]}}, {"model": "Comment.comment", "pk": 9, "fields": {"parent": null, "commenter": 15, "comment_text": "text comment", "created_at": "2018-10-24T20:28:44.717Z", "upvoters": [], "downvoters": [15]}}, {"model": "Comment.comment", "pk": 10, "fields": {"parent": null, "commenter": 15, "comment_text": "null comment", "created_at": "2018-10-24T20:31:28.856Z", "upvoters": [15], "downvoters": []}}, {"model": "Comment.comment", "pk": 11, "fields": {"parent": null, "commenter": 15, "comment_text": "hello kitty", "created_at": "2018-10-24T20:35:18.547Z", "upvoters": [15], "downvoters": [13]}}, {"model": "Comment.comment", "pk": 12, "fields": {"parent": null, "commenter": 15, "comment_text": "thanks :-)", "created_at": "2018-10-24T20:36:50.758Z", "upvoters": [15], "downvoters": []}}, {"model": "Comment.comment", "pk": 13, "fields": {"parent": null, "commenter": 15, "comment_text": "", "created_at": "2018-10-24T20:50:54.231Z", "upvoters": [], "downvoters": []}}, {"model": "Comment.comment", "pk": 14, "fields": {"parent": null, "commenter": 15, "comment_text": "Bhai Bhai Bhai..", "created_at": "2018-10-24T20:52:31.025Z", "upvoters": [], "downvoters": []}}, {"model": "Comment.comment", "pk": 15, "fields": {"parent": null, "commenter": 15, "comment_text": "hello anurag", "created_at": "2018-10-24T20:53:20.120Z", "upvoters": [15], "downvoters": []}}, {"model": "Comment.comment", "pk": 16, "fields": {"parent": null, "commenter": 15, "comment_text": "hi I am here", "created_at": "2018-10-24T20:54:54.362Z", "upvoters": [], "downvoters": []}}, {"model": "Comment.comment", "pk": 17, "fields": {"parent": null, "commenter": 15, "comment_text": "last test", "created_at": "2018-10-24T20:55:54.485Z", "upvoters": [], "downvoters": [15]}}, {"model": "Comment.comment", "pk": 18, "fields": {"parent": null, "commenter": 15, "comment_text": "Garvit hello", "created_at": "2018-10-25T18:17:59.636Z", "upvoters": [], "downvoters": []}}, {"model": "Announcement.announcement", "pk": 1, "fields": {"announcer": 13, "classroom": 3, "content": "NO DBMS class this week.", "created_on": "2018-10-16T06:43:53.055Z", "comment": [1, 2, 3, 4, 5, 6, 11, 12]}}, {"model": "Announcement.announcement", "pk": 9, "fields": {"announcer": 13, "classroom": 3, "content": "Quiz coming this week.", "created_on": "2018-10-25T20:44:34.816Z", "comment": [1, 3, 4, 6, 7, 9, 11]}}, {"model": "Assignment.assignment", "pk": 1, "fields": {"title": "Bonus Task 5", "description": null, "uploader": 13, "classroom": 3, "attachment": "Assignments/UMA_umgL4HU", "deadline": "2018-10-25T22:00:00Z", "max_score": 100, "created_on": "2018-10-25T13:17:12.085Z", "comments": []}}, {"model": "Assignment.assignment", "pk": 2, "fields": {"title": "Bonus Task 2", "description": null, "uploader": 13, "classroom": 3, "attachment": "Assignments/UMA_nADMroZ", "deadline": "2018-10-25T16:30:00Z", "max_score": 50, "created_on": "2018-10-25T13:24:44.937Z", "comments": []}}, {"model": "Assignment.assignment", "pk": 3, "fields": {"title": "Bonus Task 3", "description": null, "uploader": 13, "classroom": 3, "attachment": "Assignments/UMA_dYiYcPq", "deadline": "2018-10-25T16:30:00Z", "max_score": 30, "created_on": "2018-10-25T16:39:30.107Z", "comments": []}}, {"model": "Assignment.assignment", "pk": 4, "fields": {"title": "Bonus Task 4", "description": null, "uploader": 13, "classroom": 3, "attachment": "Assignments/UMA_6GppBW4", "deadline": "2018-10-25T16:41:00Z", "max_score": 30, "created_on": "2018-10-25T16:40:42.534Z", "comments": []}}, {"model": "Assignment.assignment", "pk": 5, "fields": {"title": "Bonus Task 1", "description": null, "uploader": 13, "classroom": 3, "attachment": "Assignments/UMA_wWEaZ4n", "deadline": "2018-10-25T17:00:00Z", "max_score": 30, "created_on": "2018-10-25T16:41:15.156Z", "comments": [1]}}, {"model": "Assignment.assignment", "pk": 6, "fields": {"title": "Bonus task 6", "description": null, "uploader": 13, "classroom": 3, "attachment": "Assignments/UMA_0bnC9GC", "deadline": "2018-10-29T19:31:00Z", "max_score": 100, "created_on": "2018-10-25T20:39:45.441Z", "comments": []}}, {"model": "Assignment.submission", "pk": 1, "fields": {"submitter": 8, "assignment": 1, "attachment": "Submission/1_Bonus_Task_5", "score": 90, "submitted_on": "2018-10-25T16:51:21.064Z"}}, {"model": "Assignment.submission", "pk": 2, "fields": {"submitter": 16, "assignment": 6, "attachment": "Submission/6_Bonus_task_6_VJYpyDW", "score": -1, "submitted_on": "2018-10-25T20:48:41.882Z"}}, {"model": "Assignment.submission", "pk": 3, "fields": {"submitter": 16, "assignment": 1, "attachment": "Submission/1_Bonus_Task_5_Gy4DUJr", "score": 100, "submitted_on": "2018-10-25T20:54:00.438Z"}}, {"model": "Assignment.submission", "pk": 4, "fields": {"submitter": 15, "assignment": 6, "attachment": "Submission/6_Bonus_task_6_Ci3FXxt", "score": -1, "submitted_on": "2018-10-25T20:55:10.149Z"}}, {"model": "Assignment.submission", "pk": 5, "fields": {"submitter": 15, "assignment": 1, "attachment": "Submission/1_Bonus_Task_5_GV8QadX", "score": 40, "submitted_on": "2018-10-25T20:59:40.752Z"}}, {"model": "Assignment.submission", "pk": 7, "fields": {"submitter": 11, "assignment": 1, "attachment": "Submission/1_Bonus_Task_5_4o4QPKO", "score": 60, "submitted_on": "2018-10-25T21:05:27.109Z"}}, {"model": "Assignment.submission", "pk": 8, "fields": {"submitter": 17, "assignment": 1, "attachment": "Submission/1_Bonus_Task_5_Az7nHWU", "score": 40, "submitted_on": "2018-10-25T21:17:24.252Z"}}, {"model": "Polls.poll", "pk": 9, "fields": {"creater": 13, "classroom": 3, "poll_text": "Should Anurag be failed in mid-term?", "created_at": "2018-10-21T17:25:52.583Z"}}, {"model": "Polls.poll", "pk": 10, "fields": {"creater": 13, "classroom": 3, "poll_text": "Which is the best car?", "created_at": "2018-10-25T20:12:46.724Z"}}, {"model": "Resources.resource", "pk": 1, "fields": {"uploader": 13, "classroom": 3, "attachment": "Resources/3_DBMS/UMA", "description": "Test description", "uploaded_on": "2018-10-21T17:31:05.561Z", "is_lecture": true, "is_deleted": false, "comments": []}}, {"model": "Resources.resource", "pk": 2, "fields": {"uploader": 9, "classroom": 3, "attachment": "Resources/3_DBMS/sanyem", "description": "Moderator", "uploaded_on": "2018-10-21T17:34:04.408Z", "is_lecture": false, "is_deleted": false, "comments": []}}, {"model": "Resources.resource", "pk": 3, "fields": {"uploader": 13, "classroom": 3, "attachment": "Resources/3_DBMS/UMA_NNTrWV5", "description": "Hello", "uploaded_on": "2018-10-22T10:51:11.019Z", "is_lecture": true, "is_deleted": false, "comments": []}}, {"model": "Resources.resource", "pk": 4, "fields": {"uploader": 13, "classroom": 3, "attachment": "", "description": "Yada yada", "uploaded_on": "2018-10-22T11:38:14.023Z", "is_lecture": true, "is_deleted": false, "comments": []}}, {"model": "Resources.resource", "pk": 5, "fields": {"uploader": 13, "classroom": 3, "attachment": "Resources/3_DBMS/UMA_24wzvX5", "description": "ffhjfhbjfhbhjfbf", "uploaded_on": "2018-10-22T11:41:23.986Z", "is_lecture": true, "is_deleted": false, "comments": []}}, {"model": "Resources.resource", "pk": 6, "fields": {"uploader": 13, "classroom": 3, "attachment": "Resources/3_DBMS/UMA_GGodRU6", "description": "", "uploaded_on": "2018-10-22T11:45:21.812Z", "is_lecture": true, "is_deleted": false, "comments": []}}, {"model": "Resources.resource", "pk": 7, "fields": {"uploader": 13, "classroom": 3, "attachment": "Resources/3_DBMS/UMA_ZvS5UVF", "description": "Lor", "uploaded_on": "2018-10-22T11:49:04.111Z", "is_lecture": true, "is_deleted": false, "comments": []}}, {"model": "Resources.resource", "pk": 8, "fields": {"uploader": 13, "classroom": 3, "attachment": "Resources/3_DBMS/UMA_vUIMVM0", "description": "Loremmmmmmm .  hjhjbjhbjhbjh", "uploaded_on": "2018-10-22T11:50:24.898Z", "is_lecture": true, "is_deleted": false, "comments": []}}, {"model": "Resources.resource", "pk": 9, "fields": {"uploader": 13, "classroom": 3, "attachment": "Resources/3_DBMS/UMA_vwzsoLm", "description": "Just a test to see if it is working. If working then great.", "uploaded_on": "2018-10-22T13:16:21.113Z", "is_lecture": false, "is_deleted": false, "comments": []}}, {"model": "Resources.resource", "pk": 10, "fields": {"uploader": 11, "classroom": 3, "attachment": "Resources/3_DBMS/uday", "description": "Thesis based on DBMS for music indexing", "uploaded_on": "2018-10-22T13:18:58.238Z", "is_lecture": false, "is_deleted": false, "comments": []}}, {"model": "Resources.resource", "pk": 11, "fields": {"uploader": 13, "classroom": 3, "attachment": "Resources/3_DBMS/UMA_R8rrBma", "description": "", "uploaded_on": "2018-10-22T20:43:55.269Z", "is_lecture": true, "is_deleted": false, "comments": []}}, {"model": "Resources.resource", "pk": 12, "fields": {"uploader": 13, "classroom": 3, "attachment": "Resources/3_DBMS/UMA_YpZECGw", "description": "", "uploaded_on": "2018-10-22T20:44:27.352Z", "is_lecture": true, "is_deleted": false, "comments": []}}, {"model": "Resources.resource", "pk": 13, "fields": {"uploader": 13, "classroom": 3, "attachment": "Resources/3_DBMS/UMA_ENcTzt4", "description": "2018-10-24T22:00", "uploaded_on": "2018-10-22T20:44:42.650Z", "is_lecture": true, "is_deleted": false, "comments": []}}, {"model": "PollResponse.pollresponse", "pk": 7, "fields": {"user": 13, "poll": 9, "poll_option": 9, "created_at": "2018-10-21T18:44:32.452Z"}}, {"model": "PollResponse.pollresponse", "pk": 10, "fields": {"user": 8, "poll": 10, "poll_option": 10, "created_at": "2018-10-25T20:14:04.053Z"}}, {"model": "PollResponse.pollresponse", "pk": 11, "fields": {"user": 16, "poll": 10, "poll_option": 11, "created_at": "2018-10-25T20:14:21.722Z"}}, {"model": "PollResponse.pollresponse", "pk": 12, "fields": {"user": 9, "poll": 10, "poll_option": 10, "created_at": "2018-10-25T20:14:43.183Z"}}, {"model": "PollResponse.pollresponse", "pk": 13, "fields": {"user": 17, "poll": 10, "poll_option": 13, "created_at": "2018-10-25T20:14:58.827Z"}}, {"model": "PollResponse.pollresponse", "pk": 14, "fields": {"user": 17, "poll": 9, "poll_option": 9, "created_at": "2018-10-25T20:16:24.060Z"}}, {"model": "PollResponse.pollresponse", "pk": 15, "fields": {"user": 8, "poll": 9, "poll_option": 8, "created_at": "2018-10-25T20:17:12.090Z"}}, {"model": "admin.logentry", "pk": 1, "fields": {"action_time": "2018-10-16T04:56:20.419Z", "user": 1, "content_type": 6, "object_id": "2", "object_repr": "garvit", "action_flag": 1, "change_message": "[{\"added\": {}}]"}}, {"model": "admin.logentry", "pk": 2, "fields": {"action_time": "2018-10-16T05:02:17.937Z", "user": 1, "content_type": 6, "object_id": "2", "object_repr": "garvit", "action_flag": 2, "change_message": "[{\"changed\": {\"fields\": [\"is_faculty\"]}}]"}}, {"model": "admin.logentry", "pk": 3, "fields": {"action_time": "2018-10-16T05:31:07.651Z", "user": 1, "content_type": 6, "object_id": "3", "object_repr": "anurag", "action_flag": 1, "change_message": "[{\"added\": {}}]"}}, {"model": "admin.logentry", "pk": 4, "fields": {"action_time": "2018-10-16T05:31:46.272Z", "user": 1, "content_type": 6, "object_id": "4", "object_repr": "sahaj", "action_flag": 1, "change_message": "[{\"added\": {}}]"}}, {"model": "admin.logentry", "pk": 5, "fields": {"action_time": "2018-10-16T05:32:19.639Z", "user": 1, "content_type": 6, "object_id": "5", "object_repr": "chandu", "action_flag": 1, "change_message": "[{\"added\": {}}]"}}, {"model": "admin.logentry", "pk": 6, "fields": {"action_time": "2018-10-16T05:32:53.568Z", "user": 1, "content_type": 6, "object_id": "6", "object_repr": "vishvanath", "action_flag": 1, "change_message": "[{\"added\": {}}]"}}, {"model": "admin.logentry", "pk": 7, "fields": {"action_time": "2018-10-16T05:33:00.334Z", "user": 1, "content_type": 6, "object_id": "6", "object_repr": "vishvanath", "action_flag": 2, "change_message": "[{\"changed\": {\"fields\": [\"is_faculty\"]}}]"}}, {"model": "admin.logentry", "pk": 8, "fields": {"action_time": "2018-10-16T05:33:24.382Z", "user": 1, "content_type": 6, "object_id": "7", "object_repr": "UMA", "action_flag": 1, "change_message": "[{\"added\": {}}]"}}, {"model": "admin.logentry", "pk": 9, "fields": {"action_time": "2018-10-16T05:33:33.488Z", "user": 1, "content_type": 6, "object_id": "7", "object_repr": "UMA", "action_flag": 2, "change_message": "[{\"changed\": {\"fields\": [\"is_faculty\"]}}]"}}, {"model": "admin.logentry", "pk": 10, "fields": {"action_time": "2018-10-16T05:34:25.412Z", "user": 1, "content_type": 7, "object_id": "1", "object_repr": "DBMS -- UMA -- 2018-10-16 05:34:25.394021+00:00 -- True", "action_flag": 1, "change_message": "[{\"added\": {}}]"}}, {"model": "admin.logentry", "pk": 11, "fields": {"action_time": "2018-10-16T05:35:09.810Z", "user": 1, "content_type": 7, "object_id": "2", "object_repr": "AI -- vishvanath -- 2018-10-16 05:35:09.793831+00:00 -- True", "action_flag": 1, "change_message": "[{\"added\": {}}]"}}, {"model": "admin.logentry", "pk": 12, "fields": {"action_time": "2018-10-16T05:35:29.941Z", "user": 1, "content_type": 7, "object_id": "2", "object_repr": "AI -- vishvanath -- 2018-10-16 05:35:09.793831+00:00 -- True", "action_flag": 2, "change_message": "[{\"changed\": {\"fields\": [\"moderators\"]}}]"}}, {"model": "admin.logentry", "pk": 13, "fields": {"action_time": "2018-10-16T06:16:46.713Z", "user": 1, "content_type": 6, "object_id": "4", "object_repr": "sahaj", "action_flag": 3, "change_message": ""}}, {"model": "admin.logentry", "pk": 14, "fields": {"action_time": "2018-10-16T06:17:20.068Z", "user": 1, "content_type": 6, "object_id": "7", "object_repr": "UMA", "action_flag": 3, "change_message": ""}}, {"model": "admin.logentry", "pk": 15, "fields": {"action_time": "2018-10-16T06:17:20.076Z", "user": 1, "content_type": 6, "object_id": "6", "object_repr": "vishvanath", "action_flag": 3, "change_message": ""}}, {"model": "admin.logentry", "pk": 16, "fields": {"action_time": "2018-10-16T06:17:20.085Z", "user": 1, "content_type": 6, "object_id": "5", "object_repr": "chandu", "action_flag": 3, "change_message": ""}}, {"model": "admin.logentry", "pk": 17, "fields": {"action_time": "2018-10-16T06:17:20.094Z", "user": 1, "content_type": 6, "object_id": "3", "object_repr": "anurag", "action_flag": 3, "change_message": ""}}, {"model": "admin.logentry", "pk": 18, "fields": {"action_time": "2018-10-16T06:17:20.105Z", "user": 1, "content_type": 6, "object_id": "2", "object_repr": "garvit", "action_flag": 3, "change_message": ""}}, {"model": "admin.logentry", "pk": 19, "fields": {"action_time": "2018-10-16T06:18:26.117Z", "user": 1, "content_type": 6, "object_id": "14", "object_repr": "test", "action_flag": 1, "change_message": "[{\"added\": {}}]"}}, {"model": "admin.logentry", "pk": 20, "fields": {"action_time": "2018-10-16T06:18:41.439Z", "user": 1, "content_type": 6, "object_id": "14", "object_repr": "test", "action_flag": 3, "change_message": ""}}, {"model": "admin.logentry", "pk": 21, "fields": {"action_time": "2018-10-16T06:20:01.487Z", "user": 1, "content_type": 7, "object_id": "3", "object_repr": "DBMS -- UMA -- 2018-10-16 06:20:01.468898+00:00 -- True", "action_flag": 1, "change_message": "[{\"added\": {}}]"}}, {"model": "admin.logentry", "pk": 22, "fields": {"action_time": "2018-10-16T06:20:29.489Z", "user": 1, "content_type": 7, "object_id": "4", "object_repr": "AI -- Vishvanath -- 2018-10-16 06:20:29.471488+00:00 -- True", "action_flag": 1, "change_message": "[{\"added\": {}}]"}}, {"model": "admin.logentry", "pk": 23, "fields": {"action_time": "2018-10-16T06:42:11.471Z", "user": 1, "content_type": 8, "object_id": "1", "object_repr": "anubhav -- 2018-10-16 06:42:11.459634+00:00", "action_flag": 1, "change_message": "[{\"added\": {}}]"}}, {"model": "admin.logentry", "pk": 24, "fields": {"action_time": "2018-10-16T06:42:40.455Z", "user": 1, "content_type": 8, "object_id": "2", "object_repr": "sanyem -- 2018-10-16 06:42:40.436969+00:00", "action_flag": 1, "change_message": "[{\"added\": {}}]"}}, {"model": "admin.logentry", "pk": 25, "fields": {"action_time": "2018-10-16T06:43:44.605Z", "user": 1, "content_type": 8, "object_id": "3", "object_repr": "bhavi -- 2018-10-16 06:43:44.593242+00:00", "action_flag": 1, "change_message": "[{\"added\": {}}]"}}, {"model": "admin.logentry", "pk": 26, "fields": {"action_time": "2018-10-16T06:43:53.063Z", "user": 1, "content_type": 9, "object_id": "1", "object_repr": "UMA -- 2018-10-16 06:43:53.055345+00:00", "action_flag": 1, "change_message": "[{\"added\": {}}]"}}, {"model": "admin.logentry", "pk": 27, "fields": {"action_time": "2018-10-16T06:46:48.955Z", "user": 1, "content_type": 7, "object_id": "3", "object_repr": "DBMS -- UMA -- 2018-10-16 06:20:01.468898+00:00 -- True", "action_flag": 2, "change_message": "[{\"changed\": {\"fields\": [\"students\"]}}]"}}, {"model": "admin.logentry", "pk": 28, "fields": {"action_time": "2018-10-16T14:55:29.265Z", "user": 1, "content_type": 7, "object_id": "3", "object_repr": "DBMS -- UMA -- 2018-10-16 06:20:01.468898+00:00 -- True", "action_flag": 2, "change_message": "[{\"changed\": {\"fields\": [\"description\"]}}]"}}, {"model": "admin.logentry", "pk": 29, "fields": {"action_time": "2018-10-16T14:55:40.774Z", "user": 1, "content_type": 7, "object_id": "4", "object_repr": "AI -- Vishvanath -- 2018-10-16 06:20:29.471488+00:00 -- True", "action_flag": 2, "change_message": "[{\"changed\": {\"fields\": [\"description\"]}}]"}}, {"model": "admin.logentry", "pk": 30, "fields": {"action_time": "2018-10-21T08:26:18.008Z", "user": 1, "content_type": 12, "object_id": "1", "object_repr": "UMA -- 2018-10-21 08:26:18.006895+00:00", "action_flag": 1, "change_message": "[{\"added\": {}}]"}}, {"model": "admin.logentry", "pk": 31, "fields": {"action_time": "2018-10-21T08:44:00.617Z", "user": 1, "content_type": 13, "object_id": "1", "object_repr": "Verna -- 2018-10-21 08:44:00.616241+00:00", "action_flag": 1, "change_message": "[{\"added\": {}}]"}}, {"model": "admin.logentry", "pk": 32, "fields": {"action_time": "2018-10-21T08:44:12.707Z", "user": 1, "content_type": 13, "object_id": "2", "object_repr": "Safari -- 2018-10-21 08:44:12.706309+00:00", "action_flag": 1, "change_message": "[{\"added\": {}}]"}}, {"model": "admin.logentry", "pk": 33, "fields": {"action_time": "2018-10-21T08:44:23.859Z", "user": 1, "content_type": 13, "object_id": "3", "object_repr": "XUV -- 2018-10-21 08:44:23.858184+00:00", "action_flag": 1, "change_message": "[{\"added\": {}}]"}}, {"model": "admin.logentry", "pk": 34, "fields": {"action_time": "2018-10-21T15:46:40.325Z", "user": 1, "content_type": 14, "object_id": "2", "object_repr": "Kinfolk waistcoat occupy cred. Tacos bicycle rights jean shorts craft beer letterpress, banjo post-ironic activated charcoal lomo wolf. Hell of kombucha biodiesel, direct trade listicle hexagon mixtap", "action_flag": 3, "change_message": ""}}, {"model": "admin.logentry", "pk": 35, "fields": {"action_time": "2018-10-23T17:33:31.321Z", "user": 1, "content_type": 8, "object_id": "6", "object_repr": "anurag -- 2018-10-23 16:45:44.602452+00:00", "action_flag": 2, "change_message": "[{\"changed\": {\"fields\": [\"comment_text\", \"upvoters\", \"downvoters\"]}}]"}}, {"model": "admin.logentry", "pk": 36, "fields": {"action_time": "2018-10-24T18:18:41.511Z", "user": 1, "content_type": 9, "object_id": "4", "object_repr": "UMA -- 2018-10-24 18:18:40.877153+00:00", "action_flag": 1, "change_message": "[{\"added\": {}}]"}}, {"model": "admin.logentry", "pk": 37, "fields": {"action_time": "2018-10-24T18:24:09.763Z", "user": 1, "content_type": 9, "object_id": "5", "object_repr": "5---UMA -- 2018-10-24 18:24:09.441212+00:00", "action_flag": 1, "change_message": "[{\"added\": {}}]"}}, {"model": "admin.logentry", "pk": 38, "fields": {"action_time": "2018-10-24T18:26:06.355Z", "user": 1, "content_type": 9, "object_id": "6", "object_repr": "6---UMA -- 2018-10-24 18:26:05.961156+00:00", "action_flag": 1, "change_message": "[{\"added\": {}}]"}}, {"model": "admin.logentry", "pk": 39, "fields": {"action_time": "2018-10-24T18:27:05.209Z", "user": 1, "content_type": 9, "object_id": "7", "object_repr": "7---UMA -- 2018-10-24 18:27:04.894957+00:00", "action_flag": 1, "change_message": "[{\"added\": {}}]"}}, {"model": "admin.logentry", "pk": 40, "fields": {"action_time": "2018-10-24T18:28:20.261Z", "user": 1, "content_type": 9, "object_id": "8", "object_repr": "8---UMA -- 2018-10-24 18:28:19.929748+00:00", "action_flag": 1, "change_message": "[{\"added\": {}}]"}}, {"model": "admin.logentry", "pk": 41, "fields": {"action_time": "2018-10-25T20:14:04.054Z", "user": 1, "content_type": 15, "object_id": "10", "object_repr": "Which is the best car? -- Swift -- 2018-10-25 20:14:04.053623+00:00", "action_flag": 1, "change_message": "[{\"added\": {}}]"}}, {"model": "admin.logentry", "pk": 42, "fields": {"action_time": "2018-10-25T20:14:21.723Z", "user": 1, "content_type": 15, "object_id": "11", "object_repr": "Which is the best car? -- Verna -- 2018-10-25 20:14:21.722309+00:00", "action_flag": 1, "change_message": "[{\"added\": {}}]"}}, {"model": "admin.logentry", "pk": 43, "fields": {"action_time": "2018-10-25T20:14:43.184Z", "user": 1, "content_type": 15, "object_id": "12", "object_repr": "Which is the best car? -- Swift -- 2018-10-25 20:14:43.183335+00:00", "action_flag": 1, "change_message": "[{\"added\": {}}]"}}, {"model": "admin.logentry", "pk": 44, "fields": {"action_time": "2018-10-25T20:14:58.829Z", "user": 1, "content_type": 15, "object_id": "13", "object_repr": "Which is the best car? -- XUV 500 -- 2018-10-25 20:14:58.827864+00:00", "action_flag": 1, "change_message": "[{\"added\": {}}]"}}, {"model": "admin.logentry", "pk": 45, "fields": {"action_time": "2018-10-25T20:16:24.061Z", "user": 1, "content_type": 15, "object_id": "14", "object_repr": "Should Anurag be failed in mid-term? -- NO -- 2018-10-25 20:16:24.060918+00:00", "action_flag": 1, "change_message": "[{\"added\": {}}]"}}, {"model": "admin.logentry", "pk": 46, "fields": {"action_time": "2018-10-25T20:17:12.091Z", "user": 1, "content_type": 15, "object_id": "15", "object_repr": "Should Anurag be failed in mid-term? -- YES -- 2018-10-25 20:17:12.090659+00:00", "action_flag": 1, "change_message": "[{\"added\": {}}]"}}, {"model": "admin.logentry", "pk": 47, "fields": {"action_time": "2018-10-25T20:21:02.323Z", "user": 1, "content_type": 10, "object_id": "5", "object_repr": "UMA -- Bonus Task 1", "action_flag": 2, "change_message": "[{\"changed\": {\"fields\": [\"title\", \"comments\"]}}]"}}, {"model": "admin.logentry", "pk": 48, "fields": {"action_time": "2018-10-25T20:43:49.086Z", "user": 1, "content_type": 9, "object_id": "3", "object_repr": "3---UMA -- 2018-10-21 09:45:34.379649+00:00", "action_flag": 3, "change_message": ""}}, {"model": "admin.logentry", "pk": 49, "fields": {"action_time": "2018-10-25T20:43:49.092Z", "user": 1, "content_type": 9, "object_id": "2", "object_repr": "2---UMA -- 2018-10-16 06:48:56.802261+00:00", "action_flag": 3, "change_message": ""}}, {"model": "admin.logentry", "pk": 50, "fields": {"action_time": "2018-10-25T20:44:34.821Z", "user": 1, "content_type": 9, "object_id": "9", "object_repr": "9---UMA -- 2018-10-25 20:44:34.816082+00:00", "action_flag": 1, "change_message": "[{\"added\": {}}]"}}, {"model": "admin.logentry", "pk": 51, "fields": {"action_time": "2018-10-25T20:55:10.152Z", "user": 1, "content_type": 11, "object_id": "4", "object_repr": "anurag -- Bonus task 6", "action_flag": 1, "change_message": "[{\"added\": {}}]"}}, {"model": "admin.logentry", "pk": 52, "fields": {"action_time": "2018-10-25T20:58:54.784Z", "user": 1, "content_type": 6, "object_id": "15", "object_repr": "anurag", "action_flag": 2, "change_message": "[{\"changed\": {\"fields\": [\"is_faculty\"]}}]"}}, {"model": "admin.logentry", "pk": 53, "fields": {"action_time": "2018-10-25T21:03:59.699Z", "user": 1, "content_type": 7, "object_id": "3", "object_repr": "DBMS -- UMA -- 2018-10-16 06:20:01.468898+00:00 -- True", "action_flag": 2, "change_message": "[{\"changed\": {\"fields\": [\"moderators\"]}}]"}}, {"model": "admin.logentry", "pk": 54, "fields": {"action_time": "2018-10-25T21:17:17.109Z", "user": 1, "content_type": 11, "object_id": "6", "object_repr": "sahaj -- Bonus Task 5", "action_flag": 3, "change_message": ""}}]